Target,Target_Namespace,Target_Type,Target_Method,Job_Id,Job_AnalyzeLaunchVariance,Job_EvaluateOverhead,Job_MaxAbsoluteError,Job_MaxRelativeError,Job_MinInvokeCount,Job_MinIterationTime,Job_RemoveOutliers,Job_Affinity,Job_Jit,Job_Platform,Job_Runtime,Job_AllowVeryLargeObjects,Job_Concurrent,Job_CpuGroups,Job_Force,Job_RetainVm,Job_Server,Job_Clock,Job_EngineFactory,Job_Toolchain,Job_InvocationCount,Job_IterationTime,Job_LaunchCount,Job_RunStrategy,Job_TargetCount,Job_UnrollFactor,Job_WarmupCount,Job_Display,Params,Measurement_LaunchIndex,Measurement_IterationMode,Measurement_IterationIndex,Measurement_Nanoseconds,Measurement_Operations,Measurement_Value,Gen_0,Gen_1,Gen_2,Allocated_Bytes
Md5VsSha256.GenerujList,DotNetBenchmark,Md5VsSha256,GenerujList,Default,Default,Default,Default,Default,Default,Default,Default,Default,Default,Default,Default,Default,Default,Default,Default,Default,Default,Default,Default,Default,Default,Default,Default,Default,Default,Default,Default,DefaultJob,,1,Pilot,1,2095589800,16,130974362.5,1319,0,0,27278349
Md5VsSha256.GenerujList,DotNetBenchmark,Md5VsSha256,GenerujList,Default,Default,Default,Default,Default,Default,Default,Default,Default,Default,Default,Default,Default,Default,Default,Default,Default,Default,Default,Default,Default,Default,Default,Default,Default,Default,Default,Default,DefaultJob,,1,IdleWarmup,1,2900,16,181.25,1319,0,0,27278349
Md5VsSha256.GenerujList,DotNetBenchmark,Md5VsSha256,GenerujList,Default,Default,Default,Default,Default,Default,Default,Default,Default,Default,Default,Default,Default,Default,Default,Default,Default,Default,Default,Default,Default,Default,Default,Default,Default,Default,Default,Default,DefaultJob,,1,IdleWarmup,2,600,16,37.5,1319,0,0,27278349
Md5VsSha256.GenerujList,DotNetBenchmark,Md5VsSha256,GenerujList,Default,Default,Default,Default,Default,Default,Default,Default,Default,Default,Default,Default,Default,Default,Default,Default,Default,Default,Default,Default,Default,Default,Default,Default,Default,Default,Default,Default,DefaultJob,,1,IdleWarmup,3,500,16,31.25,1319,0,0,27278349
Md5VsSha256.GenerujList,DotNetBenchmark,Md5VsSha256,GenerujList,Default,Default,Default,Default,Default,Default,Default,Default,Default,Default,Default,Default,Default,Default,Default,Default,Default,Default,Default,Default,Default,Default,Default,Default,Default,Default,Default,Default,DefaultJob,,1,IdleWarmup,4,600,16,37.5,1319,0,0,27278349
Md5VsSha256.GenerujList,DotNetBenchmark,Md5VsSha256,GenerujList,Default,Default,Default,Default,Default,Default,Default,Default,Default,Default,Default,Default,Default,Default,Default,Default,Default,Default,Default,Default,Default,Default,Default,Default,Default,Default,Default,Default,DefaultJob,,1,IdleWarmup,5,500,16,31.25,1319,0,0,27278349
Md5VsSha256.GenerujList,DotNetBenchmark,Md5VsSha256,GenerujList,Default,Default,Default,Default,Default,Default,Default,Default,Default,Default,Default,Default,Default,Default,Default,Default,Default,Default,Default,Default,Default,Default,Default,Default,Default,Default,Default,Default,DefaultJob,,1,IdleWarmup,6,600,16,37.5,1319,0,0,27278349
Md5VsSha256.GenerujList,DotNetBenchmark,Md5VsSha256,GenerujList,Default,Default,Default,Default,Default,Default,Default,Default,Default,Default,Default,Default,Default,Default,Default,Default,Default,Default,Default,Default,Default,Default,Default,Default,Default,Default,Default,Default,DefaultJob,,1,IdleWarmup,7,500,16,31.25,1319,0,0,27278349
Md5VsSha256.GenerujList,DotNetBenchmark,Md5VsSha256,GenerujList,Default,Default,Default,Default,Default,Default,Default,Default,Default,Default,Default,Default,Default,Default,Default,Default,Default,Default,Default,Default,Default,Default,Default,Default,Default,Default,Default,Default,DefaultJob,,1,IdleTarget,1,600,16,37.5,1319,0,0,27278349
Md5VsSha256.GenerujList,DotNetBenchmark,Md5VsSha256,GenerujList,Default,Default,Default,Default,Default,Default,Default,Default,Default,Default,Default,Default,Default,Default,Default,Default,Default,Default,Default,Default,Default,Default,Default,Default,Default,Default,Default,Default,DefaultJob,,1,IdleTarget,2,1100,16,68.75,1319,0,0,27278349
Md5VsSha256.GenerujList,DotNetBenchmark,Md5VsSha256,GenerujList,Default,Default,Default,Default,Default,Default,Default,Default,Default,Default,Default,Default,Default,Default,Default,Default,Default,Default,Default,Default,Default,Default,Default,Default,Default,Default,Default,Default,DefaultJob,,1,IdleTarget,3,900,16,56.25,1319,0,0,27278349
Md5VsSha256.GenerujList,DotNetBenchmark,Md5VsSha256,GenerujList,Default,Default,Default,Default,Default,Default,Default,Default,Default,Default,Default,Default,Default,Default,Default,Default,Default,Default,Default,Default,Default,Default,Default,Default,Default,Default,Default,Default,DefaultJob,,1,IdleTarget,4,700,16,43.75,1319,0,0,27278349
Md5VsSha256.GenerujList,DotNetBenchmark,Md5VsSha256,GenerujList,Default,Default,Default,Default,Default,Default,Default,Default,Default,Default,Default,Default,Default,Default,Default,Default,Default,Default,Default,Default,Default,Default,Default,Default,Default,Default,Default,Default,DefaultJob,,1,IdleTarget,5,800,16,50,1319,0,0,27278349
Md5VsSha256.GenerujList,DotNetBenchmark,Md5VsSha256,GenerujList,Default,Default,Default,Default,Default,Default,Default,Default,Default,Default,Default,Default,Default,Default,Default,Default,Default,Default,Default,Default,Default,Default,Default,Default,Default,Default,Default,Default,DefaultJob,,1,IdleTarget,6,500,16,31.25,1319,0,0,27278349
Md5VsSha256.GenerujList,DotNetBenchmark,Md5VsSha256,GenerujList,Default,Default,Default,Default,Default,Default,Default,Default,Default,Default,Default,Default,Default,Default,Default,Default,Default,Default,Default,Default,Default,Default,Default,Default,Default,Default,Default,Default,DefaultJob,,1,IdleTarget,7,600,16,37.5,1319,0,0,27278349
Md5VsSha256.GenerujList,DotNetBenchmark,Md5VsSha256,GenerujList,Default,Default,Default,Default,Default,Default,Default,Default,Default,Default,Default,Default,Default,Default,Default,Default,Default,Default,Default,Default,Default,Default,Default,Default,Default,Default,Default,Default,DefaultJob,,1,IdleTarget,8,800,16,50,1319,0,0,27278349
Md5VsSha256.GenerujList,DotNetBenchmark,Md5VsSha256,GenerujList,Default,Default,Default,Default,Default,Default,Default,Default,Default,Default,Default,Default,Default,Default,Default,Default,Default,Default,Default,Default,Default,Default,Default,Default,Default,Default,Default,Default,DefaultJob,,1,IdleTarget,9,600,16,37.5,1319,0,0,27278349
Md5VsSha256.GenerujList,DotNetBenchmark,Md5VsSha256,GenerujList,Default,Default,Default,Default,Default,Default,Default,Default,Default,Default,Default,Default,Default,Default,Default,Default,Default,Default,Default,Default,Default,Default,Default,Default,Default,Default,Default,Default,DefaultJob,,1,IdleTarget,10,700,16,43.75,1319,0,0,27278349
Md5VsSha256.GenerujList,DotNetBenchmark,Md5VsSha256,GenerujList,Default,Default,Default,Default,Default,Default,Default,Default,Default,Default,Default,Default,Default,Default,Default,Default,Default,Default,Default,Default,Default,Default,Default,Default,Default,Default,Default,Default,DefaultJob,,1,IdleTarget,11,700,16,43.75,1319,0,0,27278349
Md5VsSha256.GenerujList,DotNetBenchmark,Md5VsSha256,GenerujList,Default,Default,Default,Default,Default,Default,Default,Default,Default,Default,Default,Default,Default,Default,Default,Default,Default,Default,Default,Default,Default,Default,Default,Default,Default,Default,Default,Default,DefaultJob,,1,IdleTarget,12,600,16,37.5,1319,0,0,27278349
Md5VsSha256.GenerujList,DotNetBenchmark,Md5VsSha256,GenerujList,Default,Default,Default,Default,Default,Default,Default,Default,Default,Default,Default,Default,Default,Default,Default,Default,Default,Default,Default,Default,Default,Default,Default,Default,Default,Default,Default,Default,DefaultJob,,1,IdleTarget,13,600,16,37.5,1319,0,0,27278349
Md5VsSha256.GenerujList,DotNetBenchmark,Md5VsSha256,GenerujList,Default,Default,Default,Default,Default,Default,Default,Default,Default,Default,Default,Default,Default,Default,Default,Default,Default,Default,Default,Default,Default,Default,Default,Default,Default,Default,Default,Default,DefaultJob,,1,IdleTarget,14,600,16,37.5,1319,0,0,27278349
Md5VsSha256.GenerujList,DotNetBenchmark,Md5VsSha256,GenerujList,Default,Default,Default,Default,Default,Default,Default,Default,Default,Default,Default,Default,Default,Default,Default,Default,Default,Default,Default,Default,Default,Default,Default,Default,Default,Default,Default,Default,DefaultJob,,1,IdleTarget,15,600,16,37.5,1319,0,0,27278349
Md5VsSha256.GenerujList,DotNetBenchmark,Md5VsSha256,GenerujList,Default,Default,Default,Default,Default,Default,Default,Default,Default,Default,Default,Default,Default,Default,Default,Default,Default,Default,Default,Default,Default,Default,Default,Default,Default,Default,Default,Default,DefaultJob,,1,IdleTarget,16,500,16,31.25,1319,0,0,27278349
Md5VsSha256.GenerujList,DotNetBenchmark,Md5VsSha256,GenerujList,Default,Default,Default,Default,Default,Default,Default,Default,Default,Default,Default,Default,Default,Default,Default,Default,Default,Default,Default,Default,Default,Default,Default,Default,Default,Default,Default,Default,DefaultJob,,1,IdleTarget,17,700,16,43.75,1319,0,0,27278349
Md5VsSha256.GenerujList,DotNetBenchmark,Md5VsSha256,GenerujList,Default,Default,Default,Default,Default,Default,Default,Default,Default,Default,Default,Default,Default,Default,Default,Default,Default,Default,Default,Default,Default,Default,Default,Default,Default,Default,Default,Default,DefaultJob,,1,IdleTarget,18,700,16,43.75,1319,0,0,27278349
Md5VsSha256.GenerujList,DotNetBenchmark,Md5VsSha256,GenerujList,Default,Default,Default,Default,Default,Default,Default,Default,Default,Default,Default,Default,Default,Default,Default,Default,Default,Default,Default,Default,Default,Default,Default,Default,Default,Default,Default,Default,DefaultJob,,1,IdleTarget,19,600,16,37.5,1319,0,0,27278349
Md5VsSha256.GenerujList,DotNetBenchmark,Md5VsSha256,GenerujList,Default,Default,Default,Default,Default,Default,Default,Default,Default,Default,Default,Default,Default,Default,Default,Default,Default,Default,Default,Default,Default,Default,Default,Default,Default,Default,Default,Default,DefaultJob,,1,IdleTarget,20,600,16,37.5,1319,0,0,27278349
Md5VsSha256.GenerujList,DotNetBenchmark,Md5VsSha256,GenerujList,Default,Default,Default,Default,Default,Default,Default,Default,Default,Default,Default,Default,Default,Default,Default,Default,Default,Default,Default,Default,Default,Default,Default,Default,Default,Default,Default,Default,DefaultJob,,1,MainWarmup,1,2046942000,16,127933875,1319,0,0,27278349
Md5VsSha256.GenerujList,DotNetBenchmark,Md5VsSha256,GenerujList,Default,Default,Default,Default,Default,Default,Default,Default,Default,Default,Default,Default,Default,Default,Default,Default,Default,Default,Default,Default,Default,Default,Default,Default,Default,Default,Default,Default,DefaultJob,,1,MainWarmup,2,1980522000,16,123782625,1319,0,0,27278349
Md5VsSha256.GenerujList,DotNetBenchmark,Md5VsSha256,GenerujList,Default,Default,Default,Default,Default,Default,Default,Default,Default,Default,Default,Default,Default,Default,Default,Default,Default,Default,Default,Default,Default,Default,Default,Default,Default,Default,Default,Default,DefaultJob,,1,MainWarmup,3,1943738500,16,121483656.25,1319,0,0,27278349
Md5VsSha256.GenerujList,DotNetBenchmark,Md5VsSha256,GenerujList,Default,Default,Default,Default,Default,Default,Default,Default,Default,Default,Default,Default,Default,Default,Default,Default,Default,Default,Default,Default,Default,Default,Default,Default,Default,Default,Default,Default,DefaultJob,,1,MainWarmup,4,1934179800,16,120886237.5,1319,0,0,27278349
Md5VsSha256.GenerujList,DotNetBenchmark,Md5VsSha256,GenerujList,Default,Default,Default,Default,Default,Default,Default,Default,Default,Default,Default,Default,Default,Default,Default,Default,Default,Default,Default,Default,Default,Default,Default,Default,Default,Default,Default,Default,DefaultJob,,1,MainWarmup,5,1906398800,16,119149925,1319,0,0,27278349
Md5VsSha256.GenerujList,DotNetBenchmark,Md5VsSha256,GenerujList,Default,Default,Default,Default,Default,Default,Default,Default,Default,Default,Default,Default,Default,Default,Default,Default,Default,Default,Default,Default,Default,Default,Default,Default,Default,Default,Default,Default,DefaultJob,,1,MainWarmup,6,1919285400,16,119955337.5,1319,0,0,27278349
Md5VsSha256.GenerujList,DotNetBenchmark,Md5VsSha256,GenerujList,Default,Default,Default,Default,Default,Default,Default,Default,Default,Default,Default,Default,Default,Default,Default,Default,Default,Default,Default,Default,Default,Default,Default,Default,Default,Default,Default,Default,DefaultJob,,1,MainWarmup,7,2001464100,16,125091506.25,1319,0,0,27278349
Md5VsSha256.GenerujList,DotNetBenchmark,Md5VsSha256,GenerujList,Default,Default,Default,Default,Default,Default,Default,Default,Default,Default,Default,Default,Default,Default,Default,Default,Default,Default,Default,Default,Default,Default,Default,Default,Default,Default,Default,Default,DefaultJob,,1,MainWarmup,8,1946218800,16,121638675,1319,0,0,27278349
Md5VsSha256.GenerujList,DotNetBenchmark,Md5VsSha256,GenerujList,Default,Default,Default,Default,Default,Default,Default,Default,Default,Default,Default,Default,Default,Default,Default,Default,Default,Default,Default,Default,Default,Default,Default,Default,Default,Default,Default,Default,DefaultJob,,1,MainWarmup,9,1936432900,16,121027056.25,1319,0,0,27278349
Md5VsSha256.GenerujList,DotNetBenchmark,Md5VsSha256,GenerujList,Default,Default,Default,Default,Default,Default,Default,Default,Default,Default,Default,Default,Default,Default,Default,Default,Default,Default,Default,Default,Default,Default,Default,Default,Default,Default,Default,Default,DefaultJob,,1,MainWarmup,10,1923384500,16,120211531.25,1319,0,0,27278349
Md5VsSha256.GenerujList,DotNetBenchmark,Md5VsSha256,GenerujList,Default,Default,Default,Default,Default,Default,Default,Default,Default,Default,Default,Default,Default,Default,Default,Default,Default,Default,Default,Default,Default,Default,Default,Default,Default,Default,Default,Default,DefaultJob,,1,MainWarmup,11,1905273800,16,119079612.5,1319,0,0,27278349
Md5VsSha256.GenerujList,DotNetBenchmark,Md5VsSha256,GenerujList,Default,Default,Default,Default,Default,Default,Default,Default,Default,Default,Default,Default,Default,Default,Default,Default,Default,Default,Default,Default,Default,Default,Default,Default,Default,Default,Default,Default,DefaultJob,,1,MainWarmup,12,1912562300,16,119535143.75,1319,0,0,27278349
Md5VsSha256.GenerujList,DotNetBenchmark,Md5VsSha256,GenerujList,Default,Default,Default,Default,Default,Default,Default,Default,Default,Default,Default,Default,Default,Default,Default,Default,Default,Default,Default,Default,Default,Default,Default,Default,Default,Default,Default,Default,DefaultJob,,1,MainWarmup,13,1933737400,16,120858587.5,1319,0,0,27278349
Md5VsSha256.GenerujList,DotNetBenchmark,Md5VsSha256,GenerujList,Default,Default,Default,Default,Default,Default,Default,Default,Default,Default,Default,Default,Default,Default,Default,Default,Default,Default,Default,Default,Default,Default,Default,Default,Default,Default,Default,Default,DefaultJob,,1,MainWarmup,14,1940989100,16,121311818.75,1319,0,0,27278349
Md5VsSha256.GenerujList,DotNetBenchmark,Md5VsSha256,GenerujList,Default,Default,Default,Default,Default,Default,Default,Default,Default,Default,Default,Default,Default,Default,Default,Default,Default,Default,Default,Default,Default,Default,Default,Default,Default,Default,Default,Default,DefaultJob,,1,MainWarmup,15,1916527600,16,119782975,1319,0,0,27278349
Md5VsSha256.GenerujList,DotNetBenchmark,Md5VsSha256,GenerujList,Default,Default,Default,Default,Default,Default,Default,Default,Default,Default,Default,Default,Default,Default,Default,Default,Default,Default,Default,Default,Default,Default,Default,Default,Default,Default,Default,Default,DefaultJob,,1,MainTarget,1,1971367200,16,123210450,1319,0,0,27278349
Md5VsSha256.GenerujList,DotNetBenchmark,Md5VsSha256,GenerujList,Default,Default,Default,Default,Default,Default,Default,Default,Default,Default,Default,Default,Default,Default,Default,Default,Default,Default,Default,Default,Default,Default,Default,Default,Default,Default,Default,Default,DefaultJob,,1,MainTarget,2,1902154100,16,118884631.25,1319,0,0,27278349
Md5VsSha256.GenerujList,DotNetBenchmark,Md5VsSha256,GenerujList,Default,Default,Default,Default,Default,Default,Default,Default,Default,Default,Default,Default,Default,Default,Default,Default,Default,Default,Default,Default,Default,Default,Default,Default,Default,Default,Default,Default,DefaultJob,,1,MainTarget,3,1934565700,16,120910356.25,1319,0,0,27278349
Md5VsSha256.GenerujList,DotNetBenchmark,Md5VsSha256,GenerujList,Default,Default,Default,Default,Default,Default,Default,Default,Default,Default,Default,Default,Default,Default,Default,Default,Default,Default,Default,Default,Default,Default,Default,Default,Default,Default,Default,Default,DefaultJob,,1,MainTarget,4,1974901400,16,123431337.5,1319,0,0,27278349
Md5VsSha256.GenerujList,DotNetBenchmark,Md5VsSha256,GenerujList,Default,Default,Default,Default,Default,Default,Default,Default,Default,Default,Default,Default,Default,Default,Default,Default,Default,Default,Default,Default,Default,Default,Default,Default,Default,Default,Default,Default,DefaultJob,,1,MainTarget,5,1903347000,16,118959187.5,1319,0,0,27278349
Md5VsSha256.GenerujList,DotNetBenchmark,Md5VsSha256,GenerujList,Default,Default,Default,Default,Default,Default,Default,Default,Default,Default,Default,Default,Default,Default,Default,Default,Default,Default,Default,Default,Default,Default,Default,Default,Default,Default,Default,Default,DefaultJob,,1,MainTarget,6,1917338600,16,119833662.5,1319,0,0,27278349
Md5VsSha256.GenerujList,DotNetBenchmark,Md5VsSha256,GenerujList,Default,Default,Default,Default,Default,Default,Default,Default,Default,Default,Default,Default,Default,Default,Default,Default,Default,Default,Default,Default,Default,Default,Default,Default,Default,Default,Default,Default,DefaultJob,,1,MainTarget,7,1972406800,16,123275425,1319,0,0,27278349
Md5VsSha256.GenerujList,DotNetBenchmark,Md5VsSha256,GenerujList,Default,Default,Default,Default,Default,Default,Default,Default,Default,Default,Default,Default,Default,Default,Default,Default,Default,Default,Default,Default,Default,Default,Default,Default,Default,Default,Default,Default,DefaultJob,,1,MainTarget,8,2179474200,16,136217137.5,1319,0,0,27278349
Md5VsSha256.GenerujList,DotNetBenchmark,Md5VsSha256,GenerujList,Default,Default,Default,Default,Default,Default,Default,Default,Default,Default,Default,Default,Default,Default,Default,Default,Default,Default,Default,Default,Default,Default,Default,Default,Default,Default,Default,Default,DefaultJob,,1,MainTarget,9,1919665000,16,119979062.5,1319,0,0,27278349
Md5VsSha256.GenerujList,DotNetBenchmark,Md5VsSha256,GenerujList,Default,Default,Default,Default,Default,Default,Default,Default,Default,Default,Default,Default,Default,Default,Default,Default,Default,Default,Default,Default,Default,Default,Default,Default,Default,Default,Default,Default,DefaultJob,,1,MainTarget,10,1930708300,16,120669268.75,1319,0,0,27278349
Md5VsSha256.GenerujList,DotNetBenchmark,Md5VsSha256,GenerujList,Default,Default,Default,Default,Default,Default,Default,Default,Default,Default,Default,Default,Default,Default,Default,Default,Default,Default,Default,Default,Default,Default,Default,Default,Default,Default,Default,Default,DefaultJob,,1,MainTarget,11,2019292000,16,126205750,1319,0,0,27278349
Md5VsSha256.GenerujList,DotNetBenchmark,Md5VsSha256,GenerujList,Default,Default,Default,Default,Default,Default,Default,Default,Default,Default,Default,Default,Default,Default,Default,Default,Default,Default,Default,Default,Default,Default,Default,Default,Default,Default,Default,Default,DefaultJob,,1,MainTarget,12,1971219900,16,123201243.75,1319,0,0,27278349
Md5VsSha256.GenerujList,DotNetBenchmark,Md5VsSha256,GenerujList,Default,Default,Default,Default,Default,Default,Default,Default,Default,Default,Default,Default,Default,Default,Default,Default,Default,Default,Default,Default,Default,Default,Default,Default,Default,Default,Default,Default,DefaultJob,,1,MainTarget,13,1953405400,16,122087837.5,1319,0,0,27278349
Md5VsSha256.GenerujList,DotNetBenchmark,Md5VsSha256,GenerujList,Default,Default,Default,Default,Default,Default,Default,Default,Default,Default,Default,Default,Default,Default,Default,Default,Default,Default,Default,Default,Default,Default,Default,Default,Default,Default,Default,Default,DefaultJob,,1,MainTarget,14,1952002600,16,122000162.5,1319,0,0,27278349
Md5VsSha256.GenerujList,DotNetBenchmark,Md5VsSha256,GenerujList,Default,Default,Default,Default,Default,Default,Default,Default,Default,Default,Default,Default,Default,Default,Default,Default,Default,Default,Default,Default,Default,Default,Default,Default,Default,Default,Default,Default,DefaultJob,,1,MainTarget,15,1957648800,16,122353050,1319,0,0,27278349
Md5VsSha256.GenerujList,DotNetBenchmark,Md5VsSha256,GenerujList,Default,Default,Default,Default,Default,Default,Default,Default,Default,Default,Default,Default,Default,Default,Default,Default,Default,Default,Default,Default,Default,Default,Default,Default,Default,Default,Default,Default,DefaultJob,,1,Result,1,1971366525,16,123210407.81,1319,0,0,27278349
Md5VsSha256.GenerujList,DotNetBenchmark,Md5VsSha256,GenerujList,Default,Default,Default,Default,Default,Default,Default,Default,Default,Default,Default,Default,Default,Default,Default,Default,Default,Default,Default,Default,Default,Default,Default,Default,Default,Default,Default,Default,DefaultJob,,1,Result,2,1902153425,16,118884589.06,1319,0,0,27278349
Md5VsSha256.GenerujList,DotNetBenchmark,Md5VsSha256,GenerujList,Default,Default,Default,Default,Default,Default,Default,Default,Default,Default,Default,Default,Default,Default,Default,Default,Default,Default,Default,Default,Default,Default,Default,Default,Default,Default,Default,Default,DefaultJob,,1,Result,3,1934565025,16,120910314.06,1319,0,0,27278349
Md5VsSha256.GenerujList,DotNetBenchmark,Md5VsSha256,GenerujList,Default,Default,Default,Default,Default,Default,Default,Default,Default,Default,Default,Default,Default,Default,Default,Default,Default,Default,Default,Default,Default,Default,Default,Default,Default,Default,Default,Default,DefaultJob,,1,Result,4,1974900725,16,123431295.31,1319,0,0,27278349
Md5VsSha256.GenerujList,DotNetBenchmark,Md5VsSha256,GenerujList,Default,Default,Default,Default,Default,Default,Default,Default,Default,Default,Default,Default,Default,Default,Default,Default,Default,Default,Default,Default,Default,Default,Default,Default,Default,Default,Default,Default,DefaultJob,,1,Result,5,1903346325,16,118959145.31,1319,0,0,27278349
Md5VsSha256.GenerujList,DotNetBenchmark,Md5VsSha256,GenerujList,Default,Default,Default,Default,Default,Default,Default,Default,Default,Default,Default,Default,Default,Default,Default,Default,Default,Default,Default,Default,Default,Default,Default,Default,Default,Default,Default,Default,DefaultJob,,1,Result,6,1917337925,16,119833620.31,1319,0,0,27278349
Md5VsSha256.GenerujList,DotNetBenchmark,Md5VsSha256,GenerujList,Default,Default,Default,Default,Default,Default,Default,Default,Default,Default,Default,Default,Default,Default,Default,Default,Default,Default,Default,Default,Default,Default,Default,Default,Default,Default,Default,Default,DefaultJob,,1,Result,7,1972406125,16,123275382.81,1319,0,0,27278349
Md5VsSha256.GenerujList,DotNetBenchmark,Md5VsSha256,GenerujList,Default,Default,Default,Default,Default,Default,Default,Default,Default,Default,Default,Default,Default,Default,Default,Default,Default,Default,Default,Default,Default,Default,Default,Default,Default,Default,Default,Default,DefaultJob,,1,Result,8,1919664325,16,119979020.31,1319,0,0,27278349
Md5VsSha256.GenerujList,DotNetBenchmark,Md5VsSha256,GenerujList,Default,Default,Default,Default,Default,Default,Default,Default,Default,Default,Default,Default,Default,Default,Default,Default,Default,Default,Default,Default,Default,Default,Default,Default,Default,Default,Default,Default,DefaultJob,,1,Result,9,1930707625,16,120669226.56,1319,0,0,27278349
Md5VsSha256.GenerujList,DotNetBenchmark,Md5VsSha256,GenerujList,Default,Default,Default,Default,Default,Default,Default,Default,Default,Default,Default,Default,Default,Default,Default,Default,Default,Default,Default,Default,Default,Default,Default,Default,Default,Default,Default,Default,DefaultJob,,1,Result,10,2019291325,16,126205707.81,1319,0,0,27278349
Md5VsSha256.GenerujList,DotNetBenchmark,Md5VsSha256,GenerujList,Default,Default,Default,Default,Default,Default,Default,Default,Default,Default,Default,Default,Default,Default,Default,Default,Default,Default,Default,Default,Default,Default,Default,Default,Default,Default,Default,Default,DefaultJob,,1,Result,11,1971219225,16,123201201.56,1319,0,0,27278349
Md5VsSha256.GenerujList,DotNetBenchmark,Md5VsSha256,GenerujList,Default,Default,Default,Default,Default,Default,Default,Default,Default,Default,Default,Default,Default,Default,Default,Default,Default,Default,Default,Default,Default,Default,Default,Default,Default,Default,Default,Default,DefaultJob,,1,Result,12,1953404725,16,122087795.31,1319,0,0,27278349
Md5VsSha256.GenerujList,DotNetBenchmark,Md5VsSha256,GenerujList,Default,Default,Default,Default,Default,Default,Default,Default,Default,Default,Default,Default,Default,Default,Default,Default,Default,Default,Default,Default,Default,Default,Default,Default,Default,Default,Default,Default,DefaultJob,,1,Result,13,1952001925,16,122000120.31,1319,0,0,27278349
Md5VsSha256.GenerujList,DotNetBenchmark,Md5VsSha256,GenerujList,Default,Default,Default,Default,Default,Default,Default,Default,Default,Default,Default,Default,Default,Default,Default,Default,Default,Default,Default,Default,Default,Default,Default,Default,Default,Default,Default,Default,DefaultJob,,1,Result,14,1957648125,16,122353007.81,1319,0,0,27278349
